<?xml version="1.0" encoding="utf-8"?>
<extension version="1.6" type="plugin" group="system" method="upgrade">
    <name>Installer</name>
	<author>RocketTheme, LLC</author>
	<creationDate>December 17, 2013</creationDate>
	<copyright>(C) 2005 - 2013 RocketTheme, LLC. All rights reserved.</copyright>
	<license>http://www.gnu.org/copyleft/gpl.html GNU/GPL</license>
	<authorEmail>support@rockettheme.com</authorEmail>
	<authorUrl>http://www.rockettheme.com</authorUrl>
	<version>2.0.1</version>
    <description>RokNavMenuExport for Joomla! v2.0.1</description>
    <scriptfile>install.script.php</scriptfile>
    <files>
        <filename plugin="roknavmenuexport_installer">installer.php</filename>
    </files>
    <cogs>
        <cog type="plugin" client="site" ordering="1" access="1" enabled="true" protected="false">
            plg_system_roknavmenuexport
            <name>RokNavMenu Export Plugin</name>
            <description>RokNavMenu Export Plugin</description>
        </cog>
    </cogs>
</extension>
