<?xml version="1.0" encoding="utf-8"?>
<!DOCTYPE install SYSTEM "http://dev.joomla.org/xml/1.5/plugin-install.dtd">
<install type="plugin" group="editors-xtd" version="1.5" method="upgrade">
    <name>Editor Button - Insert Attachments Token</name>
    <author>Jonathan M. Cameron</author>
    <creationDate>August 14, 2013</creationDate>
    <copyright>(C) 2007-2011 Jonathan M. Cameron. All rights reserved.</copyright>
    <license>http://www.gnu.org/licenses/gpl-2.0.html GNU/GPL</license>
    <authorEmail>jmcameron@jmcameron.net</authorEmail>
    <authorUrl>http://joomlacode.org/gf/project/attachments/</authorUrl>
    <version>2.2.2</version>
    <description>INSERT_ATTACHMENTS_TOKEN_BUTTON_PLUGIN_INSTALLED</description>
    <languages>
	<language tag="en-GB">en-GB.plg_editors-xtd_insert_attachments_token.ini</language>
    </languages>
    <files>
	<filename plugin="insert_attachments_token">insert_attachments_token.php</filename>
	<filename>insert_attachments_token.png</filename>
	<filename>insert_attachments_token.css</filename>
	<filename>insert_attachments_token_rtl.png</filename>
	<filename>insert_attachments_token_rtl.css</filename>
    </files>
</install>
