<?xml version="1.0" encoding="utf-8"?>
<install type="module" version="1.5.0">
	<name>Newsflash</name>
	<author>Joomla! Project</author>
	<creationDate>July 2006</creationDate>
	<copyright>Copyright (C) 2005 - 2010 Open Source Matters. All rights reserved.</copyright>
	<license>http://www.gnu.org/licenses/gpl-2.0.html GNU/GPL</license>
	<authorEmail>admin@joomla.org</authorEmail>
	<authorUrl>www.joomla.org</authorUrl>
	<version>1.5.0</version>
	<description>DESCNEWSFLASH</description>
	<files>
		<filename module="mod_newsflash">mod_newsflash.php</filename>
	</files>
	<params>
		<param name="catid" type="category" default="0" label="Category" description="A content category" />
		<param name="layout" type="list" default="random" label="Layout" description="The layout to display the category">
			<option value="default">Randomly choose one at a time</option>
			<option value="horiz">Horizontal</option>
			<option value="vert">Vertical</option>
		</param>
		<param name="image" type="radio" default="0" label="Show images" description="Display Article images">
			<option value="1">Yes</option>
			<option value="0">No</option>
		</param>
		<param name="link_titles" type="list" default="" label="Linked Titles" description="Make the Item titles linkable">
			<option value="">Use Global</option>
			<option value="0">No</option>
			<option value="1">Yes</option>
		</param>
		<param name="showLastSeparator" type="radio" default="1" label="Show last separator" description="Show separator after last article">
			<option value="0">No</option>
			<option value="1">Yes</option>
		</param>
		<param name="readmore" type="radio" default="0" label="Read More" description="Show/Hide the Read More button">
			<option value="0">Hide</option>
			<option value="1">Show</option>
		</param>
		<param name="item_title" type="list" default="0" label="Article Title" description="Show article title">
			<option value="0">No</option>
			<option value="1">Yes</option>
		</param>
		<param name="items" type="text" default="" label="No. of Items" description="No of items to display" />
		<param name="moduleclass_sfx" type="text" default="" label="Module Class Suffix" description="PARAMMODULECLASSSUFFIX" />
	</params>
	<params group="advanced">
		<param name="cache" type="list" default="0" label="Caching" description="Select whether to cache the content of this module">
			<option value="1">Use global</option>
			<option value="0">No caching</option>
		</param>
		<param name="cache_time" type="text" default="900" label="Cache Time" description="The time before the module is recached" />
	</params>
</install>
