<?xml version="1.0" encoding="utf-8"?>
<!DOCTYPE install SYSTEM "http://dev.joomla.org/xml/1.5/module-install.dtd">
<install type="module" version="1.5" client="site">
	<name>Vinaora Visitors Counter</name>
	<creationDate>2009-12-05</creationDate>
	<author>VINAORA</author>
	<authorEmail>admin@vinaora.com</authorEmail>
	<authorUrl>http://vinaora.com</authorUrl>
	<copyright>Copyright (C) 2007 - 2009 VINAORA. All rights reserved.</copyright>
	<license>http://www.gnu.org/copyleft/gpl.html GNU/GPL</license>
	<version>2.0</version>
	<description>DESC_VVISIT_COUNTER</description>
	<files>
		<filename module="mod_vvisit_counter">mod_vvisit_counter.php</filename>
		<filename module="mod_vvisit_counter">helper.php</filename>
		<filename module="mod_vvisit_counter">index.html</filename>
		
		<folder module="mod_vvisit_counter">css</folder>
		<folder module="mod_vvisit_counter">images</folder>
		<folder module="mod_vvisit_counter">tmpl</folder>
	</files>
	
	<languages folder="language">
		<language tag="en-GB">en-GB.mod_vvisit_counter.ini</language>
	</languages>
	
	<params description="Website support &gt;&gt; &lt;a href&#61;&quot;http:&#47;&#47;vinaora&#46;com&#47;&quot;&gt; Vinaora Visitors Counter&lt;&#47;a&gt;" >
		<param name="moduleclass_sfx" type="text" size="40" default="" label="MODULE CLASS SUFFIX" description="PARAMMODULECLASSSUFFIX" />
		<param name="@spacer" type="spacer" default="" label="" description="" />
		<param name="@spacer" type="spacer" default="PARAM_CHOOSEMODE" label="" description="" />
		<param name="mode" type="list" default="custom" label="DISPLAY MODE" description="PARAM_DISPLAYMODE">
			<option value="simple">SIMPLE</option>
			<option value="standard">STANDARD</option>
			<option value="full">FULL</option>
			<option value="custom">CUSTOM</option>
		</param>
		<param name="initialvalue" type="text" default="0" label="COUNTER INITIAL VALUE" description="PARAM_INITIALVALUE" />
		
		<param name="@spacer" type="spacer" default="" label="" description="" />
		
		<param name="@spacer" type="spacer" default="PARAM_CHOOSESTYLE" label="" description="" />
		<param name="digit_type" type="list" default="default" label="DIGITAL COUNTER TYPE" description="PARAM_COUNTERTYPE" >
			<option value="default">DEFAULT</option>
			<option value="0">NONE_SELECTED</option>
			<option value="bluesky">DCOUNTER_BLUE_SKY</option>
			<option value="blushdw">DCOUNTER_BLUE_SHADOW</option>
			<option value="bubble">DCOUNTER_BUBBLE</option>
			<option value="creampuff">DCOUNTER_CREAM_PUFF</option>
			<option value="curly">DCOUNTER_CURLY</option>
			<option value="embwhite">DCOUNTER_EMBOSSED</option>
			<option value="gold">DCOUNTER_GOLD</option>
			<option value="ledgreen">DCOUNTER_LED_GREEN</option>
			<option value="ledred">DCOUNTER_LED_RED</option>
			<option value="ledyellow">DCOUNTER_LED_YELLOW</option>
			<option value="links">DCOUNTER_LINKS</option>
			<option value="odoblack">DCOUNTER_ODOMETER_BLACK</option>
			<option value="odowhite">DCOUNTER_ODOMETER_WHITE</option>
			<option value="plainblue">DCOUNTER_PLAIN_BLUE</option>
			<option value="silkscreen">DCOUNTER_SILK_SCREEN</option>
			<option value="twotone">DCOUNTER_TWO_TONE</option>
			<option value="wedgie">DCOUNTER_WEDGIE</option>
		</param>
		<param name="number_digits" type="list" default="6" label="MIN NUMBER DIGITS" description="PARAM_NUMBERDIGITS" >
			<option value="1">1</option>
			<option value="2">2</option>
			<option value="3">3</option>
			<option value="4">4</option>
			<option value="5">5</option>
			<option value="6">6</option>
			<option value="7">7</option>
			<option value="8">8</option>
			<option value="9">9</option>
		</param>
		<param name="stats_type" type="list" default="default" label="STATISTIC ICONS TYPE" description="PARAM_ICONSTYPE" >
			<option value="default">DEFAULT</option>
			<option value="0">NONE_SELECTED</option>
			<option value="awards">SICONS_AWARD</option>
			<option value="bags">SICONS_BAGS</option>
			<option value="bronzes">SICONS_BRONZE</option>
			<option value="calendar">SICONS_CALENDAR</option>
			<option value="clocks">SICONS_CLOCK</option>
			<option value="comment">SICONS_COMMENTS</option>
			<option value="checkout">SICONS_CHECKOUT</option>
			<option value="dynamicflags">SICONS_DYNAMIC_FLAGS</option>
			<option value="flags">SICONS_FLAGS</option>
			<option value="group">SICONS_GROUP</option>
			<option value="pens">SICONS_PEN</option>
			<option value="settings">SICONS_SETTINGS</option>
			<option value="shopping">SICONS_SHOPPING</option>
			<option value="solitare">SICONS_SOLITARE</option>
			<option value="sports">SICONS_SPORTS</option>
			<option value="tags">SICONS_TAGS</option>
			<option value="users">SICONS_USERS</option>
		</param>
		<param name="widthtable" type="list" default="90" label="STATISTIC TABLE'S WIDTH" description="PARAM_WIDTHTABLE" >
			<option value="100">100%</option>
			<option value="95">95%</option>
			<option value="90">90%</option>
			<option value="85">85%</option>
			<option value="80">80%</option>
			<option value="75">75%</option>
			<option value="70">70%</option>
			<option value="65">65%</option>
			<option value="60">60%</option>
			<option value="55">55%</option>
			<option value="50">50%</option>
		</param>		
		
		<param name="@spacer" type="spacer" default="" label="" description="" />
		<param name="@spacer" type="spacer" default="PARAM_ZEROS" label="" description="" />
		
		<param name="today" type="text" size="35" default="Today" label="SHOW TODAY" description="PARAM_ZERO" />	
		<param name="yesterday" type="text" size="35" default="Yesterday" label="SHOW YESTERDAY" description="PARAM_ZERO" />	
		<param name="week" type="text" size="35" default="This week" label="SHOW THIS WEEK" description="PARAM_ZERO" />
		<param name="lweek" type="text" size="35" default="Last week" label="SHOW LAST WEEK" description="PARAM_ZERO" />		
		<param name="month" type="text" size="35" default="This month" label="SHOW THIS MONTH" description="PARAM_ZERO" />
		<param name="lmonth" type="text" size="35" default="Last month" label="SHOW LAST MONTH" description="PARAM_ZERO" />
		<param name="all" type="text" size="35" default="All days" label="SHOW ALL DAYS" description="PARAM_ZERO" />		
		
		<param name="@spacer" type="spacer" default="" label="" description="" />
		<param name="autohide" type="radio" default="0" label="ZERO-STATISTIC" description="PARAM_AUTOHIDE">
			<option value="1">Yes</option>
			<option value="0">No</option>
		</param>
		<param name="hrline" type="radio" default="1" label="HORIZONTAL" description="PARAM_HORIZONTAL">
			<option value="1">Yes</option>
			<option value="0">No</option>
		</param>
		
		<param name="@spacer" type="spacer" default="" label="" description="" />
		<param name="@spacer" type="spacer" default="PARAM_NOTLEAVEBLANK" label="" description="" />
		<param name="beginday" type="calendar" default="" format="%Y-%m-%d" label="SHOW 'STARTING DAY'" description="PARAM_STARTINGDAY" />
		
		<param name="online" type="text" size="35" default="We have" label="SHOW 'ONLINE NOW'" description="PARAM_ONLINENOW" />
		<param name="guestip" type="text" size="35" default="Your IP" label="SHOW 'GUEST IP'" description="PARAM_ZERO" />
		<param name="guestinfo" type="text" size="35" default="Yes" label="SHOW OTHERS INFO" description="PARAM_OTHERSINFO" />
		<param name="formattime" type="text" size="35" default="Today: %b %d, %Y" label="SHOW DATE/TIME NOW" description="PARAM_DATETIMENOW" />
		
		<param name="@spacer" type="spacer" default="" label="" description="" />
		<param name="@spacer" type="spacer" default="PARAM_CHOOSEDAYSTARTWK" label="" description="" />
		
		<param name="issunday" type="radio" default="1" label="START OF WEEK" description="PARAM_STARTOFWEEK" >
			<option value="1">SUNDAY</option>
			<option value="0">MONDAY</option>
		</param>

	</params>
	<params group="advanced">
		<param name="cache_time" type="text" default="15" label="CACHE TIME (MINUTES)" description="PARAM_CACHETIME" />
		
		<param name="@spacer" type="spacer" default="" label="" description="" />
		
		<param name="pretext" type="textarea" cols="40" rows="5" default="" label="PRE-TEXT" description="PARAM_PRETEXT" />
		<param name="posttext" type="textarea" cols="40" rows="5" default="" label="POST-TEXT" description="PARAM_POSTTEXT" />	
	</params>
</install>