<?xml version="1.0" encoding="utf-8"?>
<install type="module" version="1.5.0">
	<name>Breadcrumbs</name>
	<author>Joomla! Project</author>
	<creationDate>July 2006</creationDate>
	<copyright>Copyright (C) 2005 - 2010 Open Source Matters. All rights reserved.</copyright>
	<license>http://www.gnu.org/licenses/gpl-2.0.html GNU/GPL</license>
	<authorEmail>admin@joomla.org</authorEmail>
	<authorUrl>www.joomla.org</authorUrl>
	<version>1.5.0</version>
	<description>This module displays the breadcrumbs</description>
	<files>
		<filename module="mod_breadcrumbs">mod_breadcrumbs.php</filename>
	</files>
	<params>
		<param name="showHome" type="radio" default="1" label="Show Home" description="PARAMSHOWHOME">
			<option value="0">No</option>
			<option value="1">Yes</option>
		</param>
		<param name="homeText" type="text" default="Home" label="Text for Home entry" description="PARAMHOMETEXT" />
		<param name="showLast" type="radio" default="1" label="Show Last" description="PARAMSHOWLAST">
			<option value="0">No</option>
			<option value="1">Yes</option>
		</param>
		<param name="separator" type="text" default="" label="Text Separator" description="A text separator" />
		<param name="moduleclass_sfx" type="text" default="" label="Module Class Suffix" description="PARAMMODULECLASSSUFFIX" />
	</params>
	<params group="advanced">
		<param name="cache" type="list" default="0" label="Caching" description="Select whether to cache the content of this module">
			<option value="0">Never</option>
		</param>
	</params>
</install>
