<?xml version="1.0" encoding="utf-8"?>
<!DOCTYPE install SYSTEM "http://dev.joomla.org/xml/1.5/plugin-install.dtd">
<install version="1.5" type="plugin" group="system">
	<name>System - Vinaora Visitors Counter</name>
	<creationDate>2009-12-05</creationDate>
	<author>VINAORA</author>
	<authorEmail>admin@vinaora.com</authorEmail>
	<authorUrl>http://vinaora.com</authorUrl>
	<copyright>Copyright (C) 2007 - 2009 VINAORA. All rights reserved.</copyright>
	<license>http://www.gnu.org/copyleft/gpl.html GNU/GPL</license>
	<version>2.0</version>
	<description>DESCPLUGIN</description>
	<files>
		<filename plugin="vvisit_counter">vvisit_counter.php</filename>
		<folder plugin="vvisit_counter">vvisit_counter</folder>
	</files>
	<languages folder="language">
		<language tag="en-GB">en-GB.plg_system_vvisit_counter.ini</language>
	</languages>
	<params>
		<param name="session_time" type="list" default="15" label="SESSION LIFETIME (MINUTES)" description="PARAMSESSIONLIFETIME">
			<option value="10">10</option>
			<option value="15">15</option>
			<option value="20">20</option>
			<option value="25">25</option>
			<option value="30">30</option>
			<option value="35">35</option>
			<option value="40">40</option>
			<option value="45">45</option>
			<option value="50">50</option>
			<option value="60">60</option>
		</param>
	</params>
</install>